{"cameraMode":{"drawMode":0,"name":"Shaded","section":"Shading Mode"},"sceneLighting":true,"audioPlay":false,"sceneViewState":{"m_AlwaysRefresh":false,"showFog":true,"showSkybox":true,"showFlares":true,"showImageEffects":true,"showParticleSystems":true,"showVisualEffectGraphs":true,"m_FxEnabled":true},"in2DMode":false,"pivot":{"x":39.79288864135742,"y":33.855712890625,"z":-11.261954307556153},"rotation":{"x":0.034221500158309939,"y":0.9657793045043945,"z":-0.19043904542922975,"w":0.17322146892547608},"size":15.738317489624024,"orthographic":false}