{"cameraMode":{"drawMode":0,"name":"Shaded","section":"Shading Mode"},"sceneLighting":true,"audioPlay":false,"sceneViewState":{"m_AlwaysRefresh":false,"showFog":true,"showSkybox":true,"showFlares":true,"showImageEffects":true,"showParticleSystems":true,"showVisualEffectGraphs":true,"m_FxEnabled":true},"in2DMode":false,"pivot":{"x":-16.514171600341798,"y":0.12443459033966065,"z":-48.04576873779297},"rotation":{"x":-0.018015854060649873,"y":0.9659813642501831,"z":-0.06996510922908783,"w":-0.2484002709388733},"size":9.66682243347168,"orthographic":false}