{"cameraMode":{"drawMode":0,"name":"Shaded","section":"Shading Mode"},"sceneLighting":true,"audioPlay":false,"sceneViewState":{"m_AlwaysRefresh":false,"showFog":true,"showSkybox":true,"showFlares":true,"showImageEffects":true,"showParticleSystems":true,"showVisualEffectGraphs":true,"m_FxEnabled":true},"in2DMode":false,"pivot":{"x":0.3519284725189209,"y":3.831650733947754,"z":-0.00803995132446289},"rotation":{"x":-0.013089442625641823,"y":0.7313435077667236,"z":-0.681740939617157,"w":-0.014042366296052933},"size":22.07146453857422,"orthographic":false}