{"cameraMode":{"drawMode":0,"name":"Shaded","section":"Shading Mode"},"sceneLighting":true,"audioPlay":false,"sceneViewState":{"m_AlwaysRefresh":false,"showFog":true,"showSkybox":true,"showFlares":true,"showImageEffects":true,"showParticleSystems":true,"showVisualEffectGraphs":true,"m_FxEnabled":true},"in2DMode":false,"pivot":{"x":615.3108520507813,"y":97.39297485351563,"z":1214.1014404296875},"rotation":{"x":0.053073037415742877,"y":-0.934651255607605,"z":0.3162641227245331,"w":0.15450887382030488},"size":3.6783199310302736,"orthographic":false}