{"cameraMode":{"drawMode":0,"name":"Shaded","section":"Shading Mode"},"sceneLighting":true,"audioPlay":false,"sceneViewState":{"m_AlwaysRefresh":false,"showFog":true,"showSkybox":true,"showFlares":true,"showImageEffects":true,"showParticleSystems":true,"showVisualEffectGraphs":true,"m_FxEnabled":true},"in2DMode":false,"pivot":{"x":-3.0126802921295168,"y":0.8759086728096008,"z":-3.6882894039154054},"rotation":{"x":0.0033168105874210598,"y":0.9875867366790772,"z":-0.15563970804214478,"w":0.021039461717009546},"size":1.1734367609024048,"orthographic":false}